Class_ID,Class_Name,Support,Accuracy_Recall,F1_Score
0,Banana_Black_Pitting_or_Banana_Rust,397,0.6272040302267002,0.640926640926641
1,Banana_Crown_Rot,29,0.41379310344827586,0.5714285714285714
2,Banana_Healthy,18,0.6111111111111112,0.7096774193548387
3,Banana_fungal_disease,283,0.6042402826855123,0.5671641791044776
4,Banana_leaf_Banana_Scab_Moth,10,1.0,1.0
5,Banana_leaf_Black_Sigatoka,85,0.8,0.84472049689441
6,Banana_leaf_Healthy,627,0.9984051036682615,0.9976095617529881
7,Banana_leaf__Black_Leaf_Streak,32,0.9375,0.967741935483871
8,Banana_leaf__Panama_Disease.,28,0.7142857142857143,0.6060606060606061
9,Cauliflower_Bacterial_spot_rot,173,0.9884393063583815,0.9941860465116279
10,Cauliflower_Black_Rot,180,0.9944444444444445,0.9944444444444445
11,Cauliflower_Downy_Mildew,177,0.9943502824858758,0.9832402234636871
12,Cauliflower_Healthy,206,1.0,0.9951690821256038
13,Corn_Blight,115,0.8695652173913043,0.8928571428571429
14,Corn_Common_Rust,131,0.9236641221374046,0.9416342412451362
15,Corn_Gray_Leaf_Spot,58,0.7241379310344828,0.7433628318584071
16,Corn_Healthy,117,0.9572649572649573,0.9739130434782609
17,Cotton_Aphids,81,0.9629629629629629,0.9570552147239264
18,Cotton_Army worm,81,0.9382716049382716,0.9681528662420382
19,Cotton_Bacterial blight,81,0.9753086419753086,0.9875
20,Cotton_Healthy,81,0.9629629629629629,0.9811320754716981
21,Guava_fruit_Anthracnose,238,0.5252100840336135,0.6426735218508998
22,Guava_fruit_Healthy,423,0.9645390070921985,0.9158249158249159
23,Guava_fruit_Scab,119,0.7899159663865546,0.7203065134099617
24,Guava_fruit_Styler_end_root,237,0.810126582278481,0.7757575757575758
25,Guava_leaf_Anthracnose,167,0.8862275449101796,0.8757396449704142
26,Guava_leaf_Canker,136,0.8088235294117647,0.859375
27,Guava_leaf_Dot,154,0.4805194805194805,0.6351931330472103
28,Guava_leaf_Healthy,451,0.991130820399113,0.9150460593654043
29,Guava_leaf_Rust,118,0.940677966101695,0.891566265060241
30,Jute_Cescospora Leaf Spot,31,0.6129032258064516,0.7169811320754716
31,Jute_Golden Mosaic,35,0.8285714285714286,0.8055555555555556
32,Jute_Healthy Leaf,27,1.0,0.9
33,Mango_Anthracnose,176,0.9659090909090909,0.9826589595375722
34,Mango_Bacterial_Canker,255,0.9686274509803922,0.96484375
35,Mango_Cutting_Weevil,159,1.0,0.9968652037617555
36,Mango_Gall_Midge,224,0.9866071428571429,0.9822222222222222
37,Mango_Healthy,125,1.0,0.9920634920634921
38,Mango_Powdery_Mildew,78,1.0,0.9873417721518988
39,Mango_Sooty_Mould,133,0.9774436090225563,0.9848484848484849
40,Mango_die_back,128,1.0,1.0
41,Papaya_Anthracnose,115,0.9391304347826087,0.9557522123893806
42,Papaya_BacterialSpot,107,0.9532710280373832,0.9488372093023256
43,Papaya_Curl,389,0.8791773778920309,0.9168900804289544
44,Papaya_Healthy,297,0.8417508417508418,0.8833922261484098
45,Papaya_Mealybug,91,0.9560439560439561,0.9613259668508287
46,Papaya_Mite_disease,277,0.8916967509025271,0.9047619047619048
47,Papaya_Mosaic,274,0.9124087591240876,0.847457627118644
48,Papaya_Ringspot,266,0.9511278195488722,0.8939929328621908
49,Potato_Black_Scurf,6,0.8333333333333334,0.7692307692307693
50,Potato_Blackleg,6,0.8333333333333334,0.7142857142857143
51,Potato_Blackspot_Bruising,77,0.961038961038961,0.9426751592356688
52,Potato_Brown_Rot,11,0.9090909090909091,0.9523809523809523
53,Potato_Common_Scab,6,0.16666666666666666,0.2222222222222222
54,Potato_Dry_Rot,136,0.9632352941176471,0.9424460431654677
55,Potato_Healthy_Potatoes,82,1.0,0.9820359281437125
56,Potato_Miscellaneous,9,0.1111111111111111,0.13333333333333333
57,Potato_Pink_Rot,7,0.5714285714285714,0.7272727272727273
58,Potato_Soft_Rot,56,0.875,0.9245283018867925
59,Rice_Blast,320,0.725,0.8111888111888111
60,Rice_Brownspot,258,0.8062015503875969,0.8524590163934426
61,Rice_Tungro,241,0.7427385892116183,0.8192219679633868
62,Rice_bacterial_leaf_blight,208,0.8990384615384616,0.8862559241706162
63,Rice_bacterial_leaf_streak,38,0.8421052631578947,0.8311688311688312
64,Rice_bacterial_panicle_blight,35,0.8571428571428571,0.9090909090909091
65,Rice_dead_heart,145,0.9517241379310345,0.9419795221843004
66,Rice_downy_mildew,62,0.6612903225806451,0.656
67,Rice_hispa,161,0.7577639751552795,0.6576819407008087
68,Rice_normal,178,0.9438202247191011,0.7400881057268722
69,Sugarcane_Healthy,53,0.9245283018867925,0.8099173553719008
70,Sugarcane_Mosaic,47,0.8723404255319149,0.7592592592592593
71,Sugarcane_RedRot,52,0.8076923076923077,0.8571428571428571
72,Sugarcane_Rust,52,0.8653846153846154,0.8653846153846154
73,Sugarcane_Yellow,51,0.5686274509803921,0.6987951807228916
74,Tea_Anthracnose,8,0.75,0.631578947368421
75,Tea_algal_leaf,10,0.9,0.9
76,Tea_bird_eye_spot,8,0.625,0.5882352941176471
77,Tea_brown_blight,10,0.9,0.9473684210526315
78,Tea_gray_light,8,0.625,0.7692307692307693
79,Tea_healthy,7,1.0,1.0
80,Tea_red_leaf_spot,13,0.8461538461538461,0.88
81,Tea_white_spot,13,0.8461538461538461,0.8461538461538461
82,Tomato_Bacterial_Spot,214,0.9439252336448598,0.9619047619047619
83,Tomato_Early_Blight,100,0.81,0.8804347826086957
84,Tomato_Late_Blight,192,0.9583333333333334,0.9533678756476683
85,Tomato_Leaf_Mold,96,0.8645833333333334,0.9021739130434783
86,Tomato_Septoria_Leaf_Spot,178,0.9775280898876404,0.9666666666666667
87,Tomato_Spider_Mites_Two-spotted_Spider_Mite,168,0.9404761904761905,0.9404761904761905
88,Tomato_Target_Spot,142,0.8943661971830986,0.8881118881118881
89,Tomato_Tomato_Yellow_Leaf_Curl_Virus,537,0.9981378026070763,0.9843893480257117
90,Tomato_healthy,160,1.0,0.9667673716012085
91,Wheat_Healthy,11,0.9090909090909091,0.8695652173913043
92,Wheat_septoria,10,1.0,1.0
93,Wheat_stripe_rust,21,0.9047619047619048,0.926829268292683
